{
  "slides": [
    {
      "slideType": "image",
      "content_file_name":
        "https://imgs.xkcd.com/comics/software_development.png",
      "links": [{ "id": "TEST SLIDE" }],
      "transition": "Default"
    },
    {
      "slideType": "image",
      "content_file_name": "https://imgs.xkcd.com/comics/good_code.png"
    },
    {
      "slideType": "image",
      "content_file_name": "https://imgs.xkcd.com/comics/password_strength.png"
    },
    {
      "slideType": "image",
      "content_file_name": " https://imgs.xkcd.com/comics/mistranslations.png",
      "message": "Hi Kristen!"
    }
  ]
}
